{"cameraMode":{"drawMode":0,"name":"Shaded","section":"Shading Mode"},"sceneLighting":false,"audioPlay":false,"sceneViewState":{"showFog":true,"showMaterialUpdate":false,"showSkybox":false,"showFlares":true,"showImageEffects":true,"showParticleSystems":true},"in2DMode":false,"pivot":{"x":0.001485222950577736,"y":0.002336645033210516,"z":0.0008203927427530289},"rotation":{"x":0.018490931019186975,"y":0.9613835215568543,"z":-0.26639050245285036,"w":0.0667305588722229},"size":0.08360655605792999,"orthographic":false}