{"cameraMode":{"drawMode":0,"name":"Shaded","section":"Shading Mode"},"sceneLighting":false,"audioPlay":false,"sceneViewState":{"showFog":false,"showMaterialUpdate":false,"showSkybox":false,"showFlares":false,"showImageEffects":false,"showParticleSystems":false},"in2DMode":false,"pivot":{"x":78.41925048828125,"y":1.7002700567245484,"z":17.575725555419923},"rotation":{"x":-0.006518554408103228,"y":-0.9818335175514221,"z":0.033861175179481509,"w":-0.1869032233953476},"size":4.866461753845215,"orthographic":false}