{"cameraMode":{"drawMode":0,"name":"Shaded","section":"Shading Mode"},"sceneLighting":false,"audioPlay":false,"sceneViewState":{"showFog":true,"showMaterialUpdate":false,"showSkybox":false,"showFlares":true,"showImageEffects":true,"showParticleSystems":true},"in2DMode":false,"pivot":{"x":25.594579696655275,"y":1.2364016771316529,"z":24.861717224121095},"rotation":{"x":-0.09317193925380707,"y":0.009870348498225212,"z":-0.000920524587854743,"w":-0.9956204295158386},"size":3.283457040786743,"orthographic":false}