{"cameraMode":{"drawMode":0,"name":"Shaded","section":"Shading Mode"},"sceneLighting":false,"audioPlay":false,"sceneViewState":{"showFog":true,"showMaterialUpdate":false,"showSkybox":false,"showFlares":true,"showImageEffects":true,"showParticleSystems":true},"in2DMode":false,"pivot":{"x":-1.3004679679870606,"y":2.9096198081970217,"z":2.384185791015625e-7},"rotation":{"x":-0.250088632106781,"y":0.08672685921192169,"z":-0.02254047989845276,"w":-0.9641035795211792},"size":25.630306243896486,"orthographic":false}