{"cameraMode":{"drawMode":0,"name":"Shaded","section":"Shading Mode"},"sceneLighting":false,"audioPlay":false,"sceneViewState":{"showFog":true,"showMaterialUpdate":false,"showSkybox":false,"showFlares":true,"showImageEffects":true,"showParticleSystems":true},"in2DMode":false,"pivot":{"x":5.092036724090576,"y":0.4121015667915344,"z":-2.681529998779297},"rotation":{"x":0.030067801475524904,"y":-0.959819495677948,"z":0.11311529576778412,"w":0.255117267370224},"size":2.5006484985351564,"orthographic":false}